image,xmin,ymin,xmax,ymax,label
00057IMG_00057_BURST20191001100859.jpg,1348.935762,1047.430565,1732.501639,1663.349237,Larva_Spodoptera
00057IMG_00057_BURST20191001101019.jpg,1710.372881,1316.664435,2001.735649,2050.603334,Larva_Spodoptera
00057IMG_00057_BURST20191001101323.jpg,1607.105254,1106.440678,1972.230452,1722.35935,Larva_Spodoptera
00057IMG_00057_BURST20191001101549.jpg,1791.512033,1342.481412,2211.959266,1976.840622,Larva_Spodoptera
00057IMG_00057_BURST20191001102055.jpg,1695.620283,1124.881356,1854.210226,1766.617005,Larva_Spodoptera
00057IMG_00057_BURST20191001102238.jpg,1448.515311,1183.89161,1640.298249,1777.681384,Larva_Spodoptera
00057IMG_00057_BURST20191001102457.jpg,1197.721978,848.2711864,1570.223898,1582.210226,Larva_Spodoptera
00057IMG_00057_BURST20191001102630.jpg,1452.20339,1036.366186,1817.32887,1729.735649,Larva_Spodoptera
00057IMG_00057_BURST20191001102824.jpg,1326.806723,612.2305225,1559.159378,1390.427147,Larva_Spodoptera
00058IMG_00058_BURST20191001101323.jpg,1484.474576,1323.118644,1868.962824,1892.013531,Larva_Spodoptera
00058IMG_00058_BURST20191001101549.jpg,1813.640791,1220.772966,2241.464463,1892.013531,Larva_Spodoptera
00058IMG_00058_BURST20191001102055.jpg,1802.576271,1364.610169,2001.735649,1925.206808,Larva_Spodoptera
00058IMG_00058_BURST20191001102238.jpg,1315.742485,1084.311921,1507.525424,1674.413616,Larva_Spodoptera
00058IMG_00058_BURST20191001102457.jpg,1050.196554,875.9322034,1455.891469,1611.715282,Larva_Spodoptera
00058IMG_00058_BURST20191001102630.jpg,1466.955988,1017.925508,1857.898305,1766.617005,Larva_Spodoptera
00058IMG_00058_BURST20191001102824.jpg,1407.945875,789.2610732,1643.98661,1567.457627,Larva_Spodoptera
00059IMG_00059_BURST20191001100859.jpg,1374.752599,1099.064379,1891.091582,1700.230593,Larva_Spodoptera
00059IMG_00059_BURST20191001101323.jpg,1533.342542,1183.89161,1905.84418,1788.745763,Larva_Spodoptera
00059IMG_00059_BURST20191001101549.jpg,1835.769548,1169.139011,2208.271186,1851.444096,Larva_Spodoptera
00059IMG_00059_BURST20191001102055.jpg,1662.427287,1268.7187,1876.338983,1855.132175,Larva_Spodoptera
00059IMG_00059_BURST20191001102238.jpg,1389.505197,1176.515311,1596.040734,1714.983051,Larva_Spodoptera
00059IMG_00059_BURST20191001102457.jpg,1076.013672,922.0338983,1433.762712,1652.284718,Larva_Spodoptera
00059IMG_00059_BURST20191001102630.jpg,1559.159378,1069.559322,1950.101695,1773.993305,Larva_Spodoptera
00059IMG_00059_BURST20191001102824.jpg,1186.65774,885.1525424,1393.193277,1545.32887,Larva_Spodoptera
00060IMG_00060_BURST20191001101323.jpg,1371.064519,1124.881356,1669.803446,1744.488107,Larva_Spodoptera
00060IMG_00060_BURST20191001101549.jpg,1909.53226,1176.515311,2322.603334,1840.379717,Larva_Spodoptera
00060IMG_00060_BURST20191001102055.jpg,1562.847458,1180.20339,1754.630677,1810.874661,Larva_Spodoptera
00060IMG_00060_BURST20191001102238.jpg,1478.020508,1194.955988,1655.050847,1762.928785,Larva_Spodoptera
00060IMG_00060_BURST20191001102457.jpg,1083.389831,903.5932203,1448.515311,1641.220339,Larva_Spodoptera
00060IMG_00060_BURST20191001102630.jpg,1621.857571,962.6034742,2001.735649,1703.918672,Larva_Spodoptera
00060IMG_00060_BURST20191001102824.jpg,1260.420452,711.8102117,1430.074633,1283.471158,Larva_Spodoptera
00061IMG_00061_BURST20191001100859.jpg,1345.247401,1120.271186,1802.576271,1742.644068,Larva_Spodoptera
00061IMG_00061_BURST20191001101323.jpg,1496.461186,1224.461045,1809.952711,1836.691497,Larva_Spodoptera
00061IMG_00061_BURST20191001101549.jpg,1850.522146,1198.644068,2248.840622,1869.884774,Larva_Spodoptera
00061IMG_00061_BURST20191001102055.jpg,1588.664576,1235.525424,1773.071355,1844.067797,Larva_Spodoptera
00061IMG_00061_BURST20191001102238.jpg,1514.901864,1180.20339,1702.996723,1707.606752,Larva_Spodoptera
00061IMG_00061_BURST20191001102457.jpg,1112.895028,922.0338983,1511.213503,1670.725396,Larva_Spodoptera
00061IMG_00061_BURST20191001102630.jpg,1629.234011,866.7118644,2009.111808,1652.284718,Larva_Spodoptera
00061IMG_00061_BURST20191001102824.jpg,1175.59322,597.4779942,1382.128757,1217.084746,Larva_Spodoptera
00062IMG_00062_BURST20191001101323.jpg,1271.484689,1353.545791,1533.342542,1892.013531,Larva_Spodoptera
00062IMG_00062_BURST20191001101549.jpg,1899.389831,1191.267768,2304.162656,1869.884774,Larva_Spodoptera
00062IMG_00062_BURST20191001102055.jpg,1525.966102,944.1627963,1732.501639,1622.779661,Larva_Spodoptera
00062IMG_00062_BURST20191001102238.jpg,1625.545932,1176.515311,1846.834067,1722.35935,Larva_Spodoptera
00062IMG_00062_BURST20191001102457.jpg,1157.152542,903.5932203,1529.654181,1652.284718,Larva_Spodoptera
00062IMG_00062_BURST20191001102630.jpg,1581.288136,885.1525424,1950.101695,1652.284718,Larva_Spodoptera
00062IMG_00062_BURST20191001102824.jpg,1179.2813,508.9627541,1400.569435,1183.89161,Larva_Spodoptera
00063IMG_00063_BURST20191001100859.jpg,1415.322034,1113.816977,1861.586384,1724.20339,Larva_Spodoptera
00063IMG_00063_BURST20191001101323.jpg,1411.633955,1368.298389,1758.318757,1895.701751,Larva_Spodoptera
00063IMG_00063_BURST20191001101549.jpg,1898.46774,1080.623701,2219.335706,1770.305085,Larva_Spodoptera
00063IMG_00063_BURST20191001102055.jpg,1566.535537,999.4848302,1765.694915,1652.284718,Larva_Spodoptera
00063IMG_00063_BURST20191001102238.jpg,1430.074633,1051.118644,1669.803446,1652.284718,Larva_Spodoptera
00063IMG_00063_BURST20191001102457.jpg,1142.399944,877.776243,1529.654181,1637.53226,Larva_Spodoptera
00063IMG_00063_BURST20191001102630.jpg,1603.416893,892.5288417,1972.230452,1696.542373,Larva_Spodoptera
00063IMG_00063_BURST20191001102824.jpg,1094.45435,815.0780505,1330.495084,1430.996582,Larva_Spodoptera
00064IMG_00064_BURST20191001101323.jpg,1448.515311,1257.654322,1784.135593,1814.56274,Larva_Spodoptera
00064IMG_00064_BURST20191001101549.jpg,1916.908418,1041.898305,2263.59322,1729.735649,Larva_Spodoptera
00064IMG_00064_BURST20191001102055.jpg,1478.020508,844.5831071,1750.942317,1501.071215,Larva_Spodoptera
00064IMG_00064_BURST20191001102238.jpg,1717.749321,1117.505057,1964.854294,1844.067797,Larva_Spodoptera
00064IMG_00064_BURST20191001102457.jpg,1186.65774,925.7221183,1559.159378,1696.542373,Larva_Spodoptera
00064IMG_00064_BURST20191001102630.jpg,1655.050847,892.5288417,2057.057683,1652.284718,Larva_Spodoptera
00064IMG_00064_BURST20191001102824.jpg,1116.583107,674.9288558,1319.430565,1287.159378,Larva_Spodoptera
00065IMG_00065_BURST20191001100859.jpg,1470.644068,1191.267768,1953.789774,1773.993305,Larva_Spodoptera
00065IMG_00065_BURST20191001101323.jpg,1581.288136,1353.545791,1920.596779,1851.444096,Larva_Spodoptera
00065IMG_00065_BURST20191001101549.jpg,1821.016949,910.9695197,2127.132316,1674.413616,Larva_Spodoptera
00065IMG_00065_BURST20191001102055.jpg,1540.7187,859.3355651,1821.016949,1504.759294,Larva_Spodoptera
00065IMG_00065_BURST20191001102238.jpg,1647.674689,1161.762712,1891.091582,1855.132175,Larva_Spodoptera
00065IMG_00065_BURST20191001102457.jpg,1304.677966,981.0441522,1702.996723,1729.735649,Larva_Spodoptera
00065IMG_00065_BURST20191001102630.jpg,1662.427287,877.776243,2075.498361,1655.972938,Larva_Spodoptera
00065IMG_00065_BURST20191001102824.jpg,1271.484689,1261.342401,1525.966102,1851.444096,Larva_Spodoptera
00066IMG_00066_BURST20191001101323.jpg,1471.566158,1292.691497,1844.067797,1857.898305,Larva_Spodoptera
00066IMG_00066_BURST20191001101549.jpg,1762.006836,1051.118644,2086.562881,1792.433983,Larva_Spodoptera
00066IMG_00066_BURST20191001102055.jpg,1540.7187,870.4000844,1747.254237,1501.071215,Larva_Spodoptera
00066IMG_00066_BURST20191001102238.jpg,1677.179605,1397.803446,1939.037457,1888.325452,Larva_Spodoptera
00066IMG_00066_BURST20191001102457.jpg,1289.925367,977.3559322,1724.20339,1711.294972,Larva_Spodoptera
00066IMG_00066_BURST20191001102630.jpg,1695.620283,944.1627963,2093.939039,1692.854294,Larva_Spodoptera
00066IMG_00066_BURST20191001102824.jpg,1223.539096,1250.278022,1503.837344,1899.389831,Larva_Spodoptera
00067IMG_00067_BURST20191001101323.jpg,1535.186441,1268.7187,1880.027062,1829.315339,Larva_Spodoptera
00067IMG_00067_BURST20191001101549.jpg,1733.423729,966.2915536,2045.993164,1714.983051,Larva_Spodoptera
00067IMG_00067_BURST20191001102055.jpg,1570.223898,815.0780505,1806.264351,1490.006836,Larva_Spodoptera
00067IMG_00067_BURST20191001102238.jpg,1555.471299,1346.169492,1843.145706,1792.433983,Larva_Spodoptera
00067IMG_00067_BURST20191001102457.jpg,1374.752599,1073.247542,1754.630677,1777.681384,Larva_Spodoptera
00067IMG_00067_BURST20191001102630.jpg,1702.996723,944.1627963,2182.45435,1703.918672,Larva_Spodoptera
00067IMG_00067_BURST20191001102824.jpg,1094.45435,1191.267768,1437.450791,1851.444096,Larva_Spodoptera
00068IMG_00068_BURST20191001101323.jpg,1540.7187,1265.03048,1883.715423,1810.874661,Larva_Spodoptera
00068IMG_00068_BURST20191001101549.jpg,1710.372881,1073.247542,1998.04757,1781.369463,Larva_Spodoptera
00068IMG_00068_BURST20191001102055.jpg,1555.471299,826.1424292,1784.135593,1486.318616,Larva_Spodoptera
00068IMG_00068_BURST20191001102238.jpg,1537.030621,1537.952571,1872.650904,1954.711864,Larva_Spodoptera
00068IMG_00068_BURST20191001102457.jpg,1507.525424,1434.684802,1857.898305,2190.752599,Larva_Spodoptera
00068IMG_00068_BURST20191001102630.jpg,1787.823673,940.4745763,2278.345819,1731.579689,Larva_Spodoptera
00068IMG_00068_BURST20191001102824.jpg,1129.491525,1176.515311,1461.423729,1814.56274,Larva_Spodoptera
00069IMG_00069_BURST20191001100859.jpg,1608.949153,1316.664435,2086.562881,1899.389831,Larva_Spodoptera
00069IMG_00069_BURST20191001101323.jpg,1650.440678,1212.474576,2085.640791,1806.264491,Larva_Spodoptera
00069IMG_00069_BURST20191001101549.jpg,1544.40678,1158.074633,1828.393389,1803.498361,Larva_Spodoptera
00069IMG_00069_BURST20191001102055.jpg,1570.223898,851.9594064,1795.200113,1467.877938,Larva_Spodoptera
00069IMG_00069_BURST20191001102238.jpg,1356.311921,1235.525424,1725.12548,1703.918672,Larva_Spodoptera
00069IMG_00069_BURST20191001102457.jpg,1415.322034,1239.213644,1695.620283,1962.088304,Larva_Spodoptera
00069IMG_00069_BURST20191001102630.jpg,1854.210226,944.1627963,2359.484689,1748.176327,Larva_Spodoptera
00069IMG_00069_BURST20191001102824.jpg,1035.444237,1073.247542,1319.430565,1703.918672,Larva_Spodoptera
00070IMG_00070_BURST20191001101323.jpg,1684.556045,1058.494943,2082.87452,1711.294972,Larva_Spodoptera
00070IMG_00070_BURST20191001101549.jpg,1577.600056,1250.278022,1857.898305,1884.637373,Larva_Spodoptera
00070IMG_00070_BURST20191001102055.jpg,1614.481412,870.4000844,1846.834067,1501.071215,Larva_Spodoptera
00070IMG_00070_BURST20191001102238.jpg,1300.989887,1276.095,1636.610169,1718.671271,Larva_Spodoptera
00070IMG_00070_BURST20191001102457.jpg,1533.342542,1206.020367,1824.705028,1954.711864,Larva_Spodoptera
00070IMG_00070_BURST20191001102630.jpg,1821.016949,892.5288417,2296.786497,1648.596638,Larva_Spodoptera
00070IMG_00070_BURST20191001102824.jpg,1076.013672,1128.569576,1407.945875,1799.810141,Larva_Spodoptera
00071IMG_00071_BURST20191001100859.jpg,1474.332147,1424.542373,2001.735649,2021.098418,Larva_Spodoptera
00071IMG_00071_BURST20191001101149.jpg,906.3594909,1036.366186,1371.064519,1615.403362,Larva_Spodoptera
00071IMG_00071_BURST20191001101323.jpg,1705.762712,1161.762712,2108.691638,1796.122062,Larva_Spodoptera
00071IMG_00071_BURST20191001101549.jpg,1669.803446,1379.362768,1979.606892,1965.776384,Larva_Spodoptera
00071IMG_00071_BURST20191001102055.jpg,1588.664576,892.5288417,1832.081468,1519.511893,Larva_Spodoptera
00071IMG_00071_BURST20191001102238.jpg,1271.484689,1338.793192,1599.728814,1744.488107,Larva_Spodoptera
00071IMG_00071_BURST20191001102457.jpg,1559.159378,1209.708446,1832.081468,1954.711864,Larva_Spodoptera
00071IMG_00071_BURST20191001102630.jpg,1610.793333,925.7221183,2060.745763,1700.230593,Larva_Spodoptera
00071IMG_00071_BURST20191001102824.jpg,1308.366045,1080.623701,1618.169492,1681.789915,Larva_Spodoptera
00072IMG_00072_BURST20191001101149.jpg,994.87452,1073.247542,1411.633955,1619.091582,Larva_Spodoptera
00072IMG_00072_BURST20191001101323.jpg,1725.12548,1287.159378,2164.013672,1840.379717,Larva_Spodoptera
00072IMG_00072_BURST20191001101549.jpg,1664.271186,1390.427147,1983.294972,1976.840622,Larva_Spodoptera
00072IMG_00072_BURST20191001102238.jpg,1289.925367,1412.555904,1666.115367,1847.756017,Larva_Spodoptera
00072IMG_00072_BURST20191001102055.jpg,1629.234011,918.345819,1854.210226,1563.769548,Larva_Spodoptera
00072IMG_00072_BURST20191001102457.jpg,1584.976215,1213.396666,1880.027062,1932.583107,Larva_Spodoptera
00072IMG_00072_BURST20191001102630.jpg,1544.40678,1006.860989,1946.413616,1759.240706,Larva_Spodoptera
00072IMG_00072_BURST20191001102824.jpg,1241.979774,958.9152542,1511.213503,1604.338983,Larva_Spodoptera
00073IMG_00073_BURST20191001101323.jpg,1887.403502,1276.095,2370.549209,1855.132175,Larva_Spodoptera
00073IMG_00073_BURST20191001101149.jpg,1020.691638,1017.925508,1422.698474,1611.715282,Larva_Spodoptera
00073IMG_00073_BURST20191001101549.jpg,1721.437401,1360.92209,2034.928926,1965.776384,Larva_Spodoptera
00073IMG_00073_BURST20191001102055.jpg,1599.728814,936.786497,1839.457627,1552.705169,Larva_Spodoptera
00073IMG_00073_BURST20191001102238.jpg,1341.559322,1434.684802,1717.749321,1858.820395,Larva_Spodoptera
00073IMG_00073_BURST20191001102630.jpg,1518.589943,933.0982769,1950.101695,1663.349237,Larva_Spodoptera
00073IMG_00073_BURST20191001102457.jpg,1629.234011,1198.644068,1898.46774,1936.271186,Larva_Spodoptera
00073IMG_00073_BURST20191001102824.jpg,1149.776384,848.2711864,1404.257796,1512.135593,Larva_Spodoptera
00074IMG_00074_BURST20191001101149.jpg,987.4983614,1040.054265,1411.633955,1593.274604,Larva_Spodoptera
00074IMG_00074_BURST20191001101323.jpg,1640.298249,1194.955988,2009.111808,1733.423729,Larva_Spodoptera
00074IMG_00074_BURST20191001101549.jpg,1769.382995,1272.40678,2090.25096,1899.389831,Larva_Spodoptera
00074IMG_00074_BURST20191001102055.jpg,1728.813559,958.9152542,1904,1633.84404,Larva_Spodoptera
00074IMG_00074_BURST20191001102238.jpg,1337.871243,1371.986469,1739.878079,1807.186441,Larva_Spodoptera
00074IMG_00074_BURST20191001102457.jpg,1551.78322,1165.450932,1787.823673,1892.013531,Larva_Spodoptera
00074IMG_00074_BURST20191001102630.jpg,1573.911977,999.4848302,2020.176327,1678.101695,Larva_Spodoptera
00074IMG_00074_BURST20191001102824.jpg,1098.142429,840.8948871,1407.945875,1504.759294,Larva_Spodoptera
00075IMG_00075_BURST20191001101149.jpg,1020.691638,1028.989887,1540.7187,1619.091582,Larva_Spodoptera
00075IMG_00075_BURST20191001101323.jpg,1238.291694,826.1424292,1514.901864,1582.210226,Larva_Spodoptera
00075IMG_00075_BURST20191001101549.jpg,1747.254237,1253.966102,2034.928926,1899.389831,Larva_Spodoptera
00075IMG_00075_BURST20191001102055.jpg,1658.738927,881.4644631,1905.84418,1549.016949,Larva_Spodoptera
00075IMG_00075_BURST20191001102238.jpg,1511.213503,1456.813559,1898.46774,1880.949153,Larva_Spodoptera
00075IMG_00075_BURST20191001102457.jpg,1278.86113,1283.471158,1559.159378,1932.583107,Larva_Spodoptera
00075IMG_00075_BURST20191001102630.jpg,1610.793333,1040.054265,2031.240847,1722.35935,Larva_Spodoptera
00075IMG_00075_BURST20191001102824.jpg,1013.315198,590.1016949,1275.17305,1331.417034,Larva_Spodoptera
00076IMG_00076_BURST20191001101323.jpg,1212.474576,748.6915676,1478.020508,1490.006836,Larva_Spodoptera
00076IMG_00076_BURST20191001101549.jpg,1714.060961,1283.471158,2034.928926,1895.701751,Larva_Spodoptera
00076IMG_00076_BURST20191001102055.jpg,1632.92209,888.8407624,1865.274745,1545.32887,Larva_Spodoptera
00076IMG_00076_BURST20191001102238.jpg,1581.288136,1572.067797,2012.800169,1936.271186,Larva_Spodoptera
00076IMG_00076_BURST20191001102457.jpg,1249.355932,1353.545791,1581.288136,1991.59322,Larva_Spodoptera
00076IMG_00076_BURST20191001102630.jpg,1603.416893,925.7221183,2005.423729,1659.661017,Larva_Spodoptera
00076IMG_00076_BURST20191001102824.jpg,1009.627119,597.4779942,1282.549209,1309.288136,Larva_Spodoptera
00077IMG_00077_BURST20191001100859.jpg,1562.847458,1604.338983,1972.230452,2116.989887,Larva_Spodoptera
00077IMG_00077_BURST20191001101323.jpg,1330.495084,815.0780505,1636.610169,1633.84404,Larva_Spodoptera
00077IMG_00077_BURST20191001101549.jpg,1802.576271,1191.267768,2079.186441,1866.196695,Larva_Spodoptera
00077IMG_00077_BURST20191001102055.jpg,1691.932203,896.216921,1916.908418,1545.32887,Larva_Spodoptera
00077IMG_00077_BURST20191001102238.jpg,1441.139152,1379.362768,1795.200113,1858.820395,Larva_Spodoptera
00077IMG_00077_BURST20191001102457.jpg,1201.410338,1265.03048,1518.589943,1914.142429,Larva_Spodoptera
00077IMG_00077_BURST20191001102630.jpg,1688.244124,903.5932203,2057.057683,1641.220339,Larva_Spodoptera
00077IMG_00077_BURST20191001102824.jpg,977.3559322,549.5321893,1201.410338,1272.40678,Larva_Spodoptera
00078IMG_00078_BURST20191001101149.jpg,1087.07791,988.4203108,1555.471299,1593.274604,Larva_Spodoptera
00078IMG_00078_BURST20191001101323.jpg,1424.542373,826.1424292,1802.576271,1604.338983,Larva_Spodoptera
00078IMG_00078_BURST20191001101549.jpg,1725.12548,888.8407624,1942.725536,1648.596638,Larva_Spodoptera
00078IMG_00078_BURST20191001102055.jpg,1750.942317,929.4101976,1942.725536,1541.64065,Larva_Spodoptera
00078IMG_00078_BURST20191001102238.jpg,1223.539096,1394.115226,1511.213503,1884.637373,Larva_Spodoptera
00078IMG_00078_BURST20191001102457.jpg,1205.098418,1202.332288,1566.535537,1855.132175,Larva_Spodoptera
00078IMG_00078_BURST20191001102630.jpg,1706.684802,892.5288417,2105.003559,1600.650904,Larva_Spodoptera
00078IMG_00078_BURST20191001102824.jpg,954.3050847,461.0169492,1194.033898,1231.837344,Larva_Spodoptera
00079IMG_00079_BURST20191001101323.jpg,1433.762712,933.0982769,1769.382995,1604.338983,Larva_Spodoptera
00079IMG_00079_BURST20191001101549.jpg,1655.050847,910.9695197,1924.284858,1707.606752,Larva_Spodoptera
00079IMG_00079_BURST20191001102055.jpg,1769.382995,907.2814403,1983.294972,1526.888192,Larva_Spodoptera
00079IMG_00079_BURST20191001102238.jpg,1146.088304,1412.555904,1367.37644,1895.701751,Larva_Spodoptera
00079IMG_00079_BURST20191001102457.jpg,957.9931641,1187.579689,1363.688079,1903.078051,Larva_Spodoptera
00079IMG_00079_BURST20191001102630.jpg,1658.738927,804.0135312,2053.369604,1549.016949,Larva_Spodoptera
00079IMG_00079_BURST20191001102824.jpg,1076.013672,538.4678107,1278.86113,1253.966102,Larva_Spodoptera
00080IMG_00080_BURST20191001101323.jpg,1455.891469,958.9152542,1806.264351,1593.274604,Larva_Spodoptera
00080IMG_00080_BURST20191001101549.jpg,1666.115367,1076.935621,1946.413616,1829.315339,Larva_Spodoptera
00080IMG_00080_BURST20191001102055.jpg,1809.952711,947.8508756,2031.240847,1556.393248,Larva_Spodoptera
00080IMG_00080_BURST20191001102238.jpg,1092.610169,1331.417034,1319.430565,1857.898305,Larva_Spodoptera
00080IMG_00080_BURST20191001102457.jpg,1238.291694,1379.362768,1776.759435,1987.905141,Larva_Spodoptera
00080IMG_00080_BURST20191001102630.jpg,1695.620283,815.0780505,2090.25096,1537.952571,Larva_Spodoptera
00080IMG_00080_BURST20191001102824.jpg,1083.389831,955.2271749,1253.044012,1571.145847,Larva_Spodoptera
00081IMG_00081_BURST20191001101019.jpg,1607.105254,1309.288136,1909.53226,1998.96966,Larva_Spodoptera
00081IMG_00081_BURST20191001101323.jpg,1489.084746,947.8508756,1835.769548,1563.769548,Larva_Spodoptera
00081IMG_00081_BURST20191001101549.jpg,1691.932203,1154.386413,2009.111808,1840.379717,Larva_Spodoptera
00081IMG_00081_BURST20191001102055.jpg,1784.135593,929.4101976,1998.04757,1545.32887,Larva_Spodoptera
00081IMG_00081_BURST20191001102238.jpg,1101.830508,1250.278022,1337.871243,1796.122062,Larva_Spodoptera
00081IMG_00081_BURST20191001102457.jpg,1345.247401,1552.705169,1953.789774,2057.979774,Larva_Spodoptera
00081IMG_00081_BURST20191001102630.jpg,1769.382995,778.1966946,2152.949153,1515.823813,Larva_Spodoptera
00081IMG_00081_BURST20191001102824.jpg,913.7356495,899.905141,1087.07791,1512.135593,Larva_Spodoptera
00082IMG_00082_BURST20191001101323.jpg,1514.901864,899.905141,1861.586384,1574.833926,Larva_Spodoptera
00082IMG_00082_BURST20191001101549.jpg,1632.92209,1309.288136,1924.284858,1947.335706,Larva_Spodoptera
00082IMG_00082_BURST20191001102055.jpg,1567.457627,910.9695197,1765.694915,1552.705169,Larva_Spodoptera
00082IMG_00082_BURST20191001102238.jpg,1146.088304,1231.837344,1345.247401,1762.928785,Larva_Spodoptera
00082IMG_00082_BURST20191001102457.jpg,1315.742485,1394.115226,1835.769548,1984.217062,Larva_Spodoptera
00082IMG_00082_BURST20191001102630.jpg,1811.79661,785.5728532,2241.464463,1526.888192,Larva_Spodoptera
00082IMG_00082_BURST20191001102824.jpg,851.037457,925.7221183,1035.444237,1526.888192,Larva_Spodoptera
00083IMG_00083_BURST20191001101019.jpg,1647.674689,1357.23387,1891.091582,2035.851016,Larva_Spodoptera
00083IMG_00083_BURST20191001101323.jpg,1581.288136,826.1424292,1975.918813,1519.511893,Larva_Spodoptera
00083IMG_00083_BURST20191001101549.jpg,1592.352655,1405.179745,1898.46774,2021.098418,Larva_Spodoptera
00083IMG_00083_BURST20191001102055.jpg,1607.105254,826.1424292,1828.393389,1490.006836,Larva_Spodoptera
00083IMG_00083_BURST20191001102238.jpg,1147.932203,1228.149124,1393.193277,1756.474576,Larva_Spodoptera
00083IMG_00083_BURST20191001102457.jpg,1164.528982,969.9796329,1570.223898,1770.305085,Larva_Spodoptera
00083IMG_00083_BURST20191001102630.jpg,1843.145706,631.5932203,2278.345819,1445.749181,Larva_Spodoptera
00083IMG_00083_BURST20191001102824.jpg,821.5322597,796.6373726,980.1222027,1430.996582,Larva_Spodoptera
00084IMG_00084_BURST20191001101019.jpg,1588.664576,1335.105113,1839.457627,2032.162656,Larva_Spodoptera
00084IMG_00084_BURST20191001101323.jpg,1651.362768,815.0780505,2068.122203,1515.823813,Larva_Spodoptera
00084IMG_00084_BURST20191001101549.jpg,1562.847458,1460.501779,1876.338983,2039.539096,Larva_Spodoptera
00084IMG_00084_BURST20191001102055.jpg,1625.545932,881.4644631,1846.834067,1493.694915,Larva_Spodoptera
00084IMG_00084_BURST20191001102238.jpg,1123.959266,1032.677966,1356.311921,1622.779661,Larva_Spodoptera
00028IMG_00028_BURST20191001102055.jpg,1624.935065,1239.896104,1918.12987,1995.844156,Larva_Spodoptera
00028IMG_00028_BURST20191001102238.jpg,1328.207792,1497.766234,1815.688312,2179.532468,Larva_Spodoptera
00028IMG_00028_BURST20191001102457.jpg,1303.480519,1162.181818,1801.558442,1964.051948,Larva_Spodoptera
00028IMG_00028_BURST20191001102630.jpg,1349.402597,1314.077922,1861.61039,2077.090909,Larva_Spodoptera
00028IMG_00028_BURST20191001102824.jpg,1193.974026,837.1948052,1752.103896,1600.207792,Larva_Spodoptera
00029IMG_00029_BURST20191001101323.jpg,1367.064935,685.2987013,1865.142857,1593.142857,Larva_Spodoptera
00029IMG_00029_BURST20191001101549.jpg,1275.220779,936.1038961,1822.753247,1882.805195,Larva_Spodoptera
00029IMG_00029_BURST20191001102055.jpg,1536.623377,1201.038961,2126.545455,2084.155844,Larva_Spodoptera
00029IMG_00029_BURST20191001102238.jpg,1444.779221,1522.493506,2267.844156,2211.324675,Larva_Spodoptera
00029IMG_00029_BURST20191001102457.jpg,1342.337662,1045.61039,1928.727273,1978.181818,Larva_Spodoptera
00029IMG_00029_BURST20191001102630.jpg,1487.168831,1186.909091,2002.909091,2094.753247,Larva_Spodoptera
00029IMG_00029_BURST20191001102824.jpg,1211.636364,773.6103896,1904,1614.337662,Larva_Spodoptera
00030IMG_00030_BURST20191001101323.jpg,1314.077922,664.1038961,1935.792208,1434.181818,Larva_Spodoptera
00030IMG_00030_BURST20191001101549.jpg,1384.727273,1038.545455,1734.441558,1872.207792,Larva_Spodoptera
00030IMG_00030_BURST20191001102055.jpg,1699.116883,1310.545455,2094.753247,2059.428571,Larva_Spodoptera
00030IMG_00030_BURST20191001102238.jpg,1469.506494,1462.441558,2144.207792,2140.675325,Larva_Spodoptera
00030IMG_00030_BURST20191001102457.jpg,1395.324675,1172.779221,1953.454545,1918.12987,Larva_Spodoptera
00030IMG_00030_BURST20191001102630.jpg,1674.38961,1190.441558,2101.818182,1964.051948,Larva_Spodoptera
00030IMG_00030_BURST20191001102824.jpg,794.8051948,929.038961,1444.779221,1695.584416,Larva_Spodoptera
00031IMG_00031_BURST20191001101323.jpg,1384.727273,695.8961039,1858.077922,1515.428571,Larva_Spodoptera
00031IMG_00031_BURST20191001101549.jpg,1434.181818,1027.948052,1907.532468,1981.714286,Larva_Spodoptera
00031IMG_00031_BURST20191001102055.jpg,1734.441558,1264.623377,2108.883117,1949.922078,Larva_Spodoptera
00031IMG_00031_BURST20191001102238.jpg,1462.441558,1483.636364,2140.675325,2147.74026,Larva_Spodoptera
00031IMG_00031_BURST20191001102457.jpg,1405.922078,1073.87013,1907.532468,1904,Larva_Spodoptera
00031IMG_00031_BURST20191001102630.jpg,1434.181818,1105.662338,2091.220779,1889.87013,Larva_Spodoptera
00031IMG_00031_BURST20191001102824.jpg,914.9090909,1052.675325,1465.974026,1836.883117,Larva_Spodoptera
00032IMG_00032_BURST20191001101323.jpg,1409.454545,657.038961,1882.805195,1487.168831,Larva_Spodoptera
00032IMG_00032_BURST20191001101549.jpg,1430.649351,932.5714286,2017.038961,1882.805195,Larva_Spodoptera
00032IMG_00032_BURST20191001102055.jpg,1624.935065,1264.623377,2077.090909,1985.246753,Larva_Spodoptera
00032IMG_00032_BURST20191001102238.jpg,1314.077922,1345.87013,1949.922078,2034.701299,Larva_Spodoptera
00032IMG_00032_BURST20191001102457.jpg,1261.090909,1119.792208,1964.051948,1886.337662,Larva_Spodoptera
00032IMG_00032_BURST20191001102630.jpg,1437.714286,1130.38961,1914.597403,1805.090909,Larva_Spodoptera
00032IMG_00032_BURST20191001102824.jpg,823.0649351,1049.142857,1427.116883,1896.935065,Larva_Spodoptera
00033IMG_00033_BURST20191001101019.jpg,1289.350649,1526.025974,1956.987013,2313.766234,Larva_Spodoptera
00033IMG_00033_BURST20191001101323.jpg,1529.558442,717.0909091,1829.818182,1430.649351,Larva_Spodoptera
00033IMG_00033_BURST20191001101549.jpg,1642.597403,1140.987013,1928.727273,1875.74026,Larva_Spodoptera
00033IMG_00033_BURST20191001102055.jpg,1642.597403,1204.571429,1939.324675,1868.675325,Larva_Spodoptera
00033IMG_00033_BURST20191001102238.jpg,1338.805195,1328.207792,2123.012987,2002.909091,Larva_Spodoptera
00033IMG_00033_BURST20191001102457.jpg,1116.25974,936.1038961,1854.545455,1727.376623,Larva_Spodoptera
00033IMG_00033_BURST20191001102630.jpg,1568.415584,1031.480519,2077.090909,1762.701299,Larva_Spodoptera
00033IMG_00033_BURST20191001102824.jpg,936.1038961,978.4935065,1381.194805,1776.831169,Larva_Spodoptera
00034IMG_00034_BURST20191001101323.jpg,1480.103896,731.2207792,1851.012987,1494.233766,Larva_Spodoptera
00034IMG_00034_BURST20191001101549.jpg,1526.025974,1091.532468,1875.74026,1815.688312,Larva_Spodoptera
00034IMG_00034_BURST20191001102055.jpg,1624.935065,1123.324675,1964.051948,1808.623377,Larva_Spodoptera
00034IMG_00034_BURST20191001102238.jpg,1458.909091,1335.272727,2098.285714,1964.051948,Larva_Spodoptera
00034IMG_00034_BURST20191001102457.jpg,989.0909091,1056.207792,1497.766234,1808.623377,Larva_Spodoptera
00034IMG_00034_BURST20191001102630.jpg,1384.727273,1080.935065,1706.181818,1720.311688,Larva_Spodoptera
00034IMG_00034_BURST20191001102824.jpg,911.3766234,1024.415584,1473.038961,1914.597403,Larva_Spodoptera
00035IMG_00035_BURST20191001101323.jpg,1374.12987,674.7012987,1798.025974,1575.480519,Larva_Spodoptera
00035IMG_00035_BURST20191001101549.jpg,1536.623377,1049.142857,1851.012987,1932.25974,Larva_Spodoptera
00035IMG_00035_BURST20191001102055.jpg,1441.246753,992.6233766,1882.805195,1812.155844,Larva_Spodoptera
00035IMG_00035_BURST20191001102238.jpg,1501.298701,1292.883117,2363.220779,1964.051948,Larva_Spodoptera
00035IMG_00035_BURST20191001102457.jpg,1172.779221,1010.285714,1624.935065,1766.233766,Larva_Spodoptera
00035IMG_00035_BURST20191001102630.jpg,1169.246753,1035.012987,1752.103896,1836.883117,Larva_Spodoptera
00035IMG_00035_BURST20191001102824.jpg,904.3116883,1038.545455,1494.233766,1946.38961,Larva_Spodoptera
00036IMG_00036_BURST20191001101323.jpg,1239.896104,695.8961039,1783.896104,1571.948052,Larva_Spodoptera
00036IMG_00036_BURST20191001101549.jpg,1935.792208,1914.597403,1935.792208,1914.597403,Larva_Spodoptera
00036IMG_00036_BURST20191001102055.jpg,1550.753247,1254.025974,1935.792208,1918.12987,Larva_Spodoptera
00036IMG_00036_BURST20191001102238.jpg,1374.12987,1243.428571,2017.038961,2031.168831,Larva_Spodoptera
00036IMG_00036_BURST20191001102457.jpg,1130.38961,1112.727273,1706.181818,1815.688312,Larva_Spodoptera
00036IMG_00036_BURST20191001102630.jpg,1246.961039,1222.233766,1600.207792,1904,Larva_Spodoptera
00036IMG_00036_BURST20191001102824.jpg,876.0519481,971.4285714,1409.454545,1829.818182,Larva_Spodoptera
00037IMG_00037_BURST20191001101323.jpg,1201.038961,745.3506494,1621.402597,1628.467532,Larva_Spodoptera
00037IMG_00037_BURST20191001101549.jpg,1632,1271.688312,1932.25974,2087.688312,Larva_Spodoptera
00037IMG_00037_BURST20191001102055.jpg,1469.506494,1183.376623,1868.675325,1865.142857,Larva_Spodoptera
00037IMG_00037_BURST20191001102238.jpg,1289.350649,1331.74026,1939.324675,2137.142857,Larva_Spodoptera
00037IMG_00037_BURST20191001102457.jpg,1264.623377,1123.324675,1741.506494,1942.857143,Larva_Spodoptera
00037IMG_00037_BURST20191001102630.jpg,1271.688312,1165.714286,1692.051948,1921.662338,Larva_Spodoptera
00037IMG_00037_BURST20191001102824.jpg,914.9090909,1013.818182,1367.064935,1709.714286,Larva_Spodoptera
00038IMG_00038_BURST20191001101323.jpg,1190.441558,717.0909091,1639.064935,1458.909091,Larva_Spodoptera
00038IMG_00038_BURST20191001101549.jpg,1564.883117,1345.87013,1978.181818,1988.779221,Larva_Spodoptera
00038IMG_00038_BURST20191001102055.jpg,1554.285714,1278.753247,1974.649351,1971.116883,Larva_Spodoptera
00038IMG_00038_BURST20191001102238.jpg,1098.597403,1699.116883,1808.623377,2409.142857,Larva_Spodoptera
00038IMG_00038_BURST20191001102457.jpg,1381.194805,1165.714286,2211.324675,1904,Larva_Spodoptera
00038IMG_00038_BURST20191001102630.jpg,1331.74026,1133.922078,1720.311688,1787.428571,Larva_Spodoptera
00038IMG_00038_BURST20191001102824.jpg,819.5324675,904.3116883,1420.051948,1720.311688,Larva_Spodoptera
00039IMG_00039_BURST20191001101323.jpg,1155.116883,748.8831169,1600.207792,1603.74026,Larva_Spodoptera
00039IMG_00039_BURST20191001101549.jpg,1614.337662,1345.87013,1914.597403,1992.311688,Larva_Spodoptera
00039IMG_00039_BURST20191001102055.jpg,1706.181818,1211.636364,2041.766234,1911.064935,Larva_Spodoptera
00039IMG_00039_BURST20191001102238.jpg,1275.220779,1423.584416,1847.480519,2197.194805,Larva_Spodoptera
00039IMG_00039_BURST20191001102457.jpg,1501.298701,1112.727273,2031.168831,1935.792208,Larva_Spodoptera
00039IMG_00039_BURST20191001102630.jpg,1550.753247,978.4935065,1889.87013,1571.948052,Larva_Spodoptera
00039IMG_00039_BURST20191001102824.jpg,865.4545455,989.0909091,1278.753247,1755.636364,Larva_Spodoptera
00040IMG_00040_BURST20191001101323.jpg,1296.415584,868.987013,1674.38961,1635.532468,Larva_Spodoptera
00040IMG_00040_BURST20191001101549.jpg,1540.155844,1398.857143,2084.155844,2034.701299,Larva_Spodoptera
00040IMG_00040_BURST20191001102055.jpg,1557.818182,1155.116883,2006.441558,2112.415584,Larva_Spodoptera
00040IMG_00040_BURST20191001102238.jpg,1250.493506,1183.376623,1865.142857,2020.571429,Larva_Spodoptera
00040IMG_00040_BURST20191001102457.jpg,1430.649351,1172.779221,2140.675325,1932.25974,Larva_Spodoptera
00040IMG_00040_BURST20191001102630.jpg,1427.116883,1013.818182,1677.922078,1596.675325,Larva_Spodoptera
00040IMG_00040_BURST20191001102824.jpg,816,911.3766234,1409.454545,1713.246753,Larva_Spodoptera
00041IMG_00041_BURST20191001101323.jpg,1324.675325,854.8571429,1727.376623,1660.25974,Larva_Spodoptera
00041IMG_00041_BURST20191001101549.jpg,1610.805195,1363.532468,1918.12987,1964.051948,Larva_Spodoptera
00041IMG_00041_BURST20191001102055.jpg,1706.181818,1201.038961,2140.675325,2048.831169,Larva_Spodoptera
00041IMG_00041_BURST20191001102238.jpg,1285.818182,1006.753247,1798.025974,1847.480519,Larva_Spodoptera
00041IMG_00041_BURST20191001102457.jpg,1536.623377,1183.376623,2077.090909,1925.194805,Larva_Spodoptera
00041IMG_00041_BURST20191001102630.jpg,808.9350649,1133.922078,1254.025974,1787.428571,Larva_Spodoptera
00041IMG_00041_BURST20191001102824.jpg,816,921.974026,1282.285714,1808.623377,Larva_Spodoptera
00042IMG_00042_BURST20191001101323.jpg,1384.727273,727.6883117,1769.766234,1600.207792,Larva_Spodoptera
00042IMG_00042_BURST20191001101549.jpg,1632,1427.116883,1953.454545,2024.103896,Larva_Spodoptera
00042IMG_00042_BURST20191001102055.jpg,1741.506494,1246.961039,2165.402597,2133.61039,Larva_Spodoptera
00042IMG_00042_BURST20191001102238.jpg,1201.038961,1027.948052,1794.493506,1875.74026,Larva_Spodoptera
00042IMG_00042_BURST20191001102457.jpg,1554.285714,1116.25974,2013.506494,1882.805195,Larva_Spodoptera
00042IMG_00042_BURST20191001102630.jpg,936.1038961,1222.233766,1342.337662,1847.480519,Larva_Spodoptera
00042IMG_00042_BURST20191001102824.jpg,971.4285714,893.7142857,1395.324675,1699.116883,Larva_Spodoptera
00043IMG_00043_BURST20191001101323.jpg,1328.207792,649.974026,1953.454545,1632,Larva_Spodoptera
00043IMG_00043_BURST20191001101549.jpg,1737.974026,1473.038961,2165.402597,2101.818182,Larva_Spodoptera
00043IMG_00043_BURST20191001102055.jpg,1684.987013,1236.363636,2052.363636,2094.753247,Larva_Spodoptera
00043IMG_00043_BURST20191001102238.jpg,1349.402597,1066.805195,1907.532468,1896.935065,Larva_Spodoptera
00043IMG_00043_BURST20191001102457.jpg,1554.285714,1035.012987,2144.207792,1840.415584,Larva_Spodoptera
00043IMG_00043_BURST20191001102630.jpg,1165.714286,992.6233766,1769.766234,1861.61039,Larva_Spodoptera
00043IMG_00043_BURST20191001102824.jpg,939.6363636,918.4415584,1515.428571,1769.766234,Larva_Spodoptera
00044IMG_00044_BURST20191001101323.jpg,1515.428571,604.0519481,1928.727273,1434.181818,Larva_Spodoptera
00044IMG_00044_BURST20191001101549.jpg,1688.519481,1370.597403,2080.623377,2098.285714,Larva_Spodoptera
00044IMG_00044_BURST20191001102055.jpg,1702.649351,1328.207792,2070.025974,2119.480519,Larva_Spodoptera
00044IMG_00044_BURST20191001102238.jpg,1374.12987,1144.519481,1928.727273,2084.155844,Larva_Spodoptera
00044IMG_00044_BURST20191001102457.jpg,1391.792208,801.8701299,2200.727273,1646.12987,Larva_Spodoptera
00044IMG_00044_BURST20191001102630.jpg,1211.636364,1010.285714,1614.337662,1805.090909,Larva_Spodoptera
00044IMG_00044_BURST20191001102824.jpg,967.8961039,929.038961,1328.207792,1621.402597,Larva_Spodoptera
00045IMG_00045_BURST20191001101323.jpg,1610.805195,671.1688312,1904,1423.584416,Larva_Spodoptera
00045IMG_00045_BURST20191001101549.jpg,1692.051948,1211.636364,1868.675325,1822.753247,Larva_Spodoptera
00045IMG_00045_BURST20191001102055.jpg,1688.519481,1133.922078,2066.493506,1886.337662,Larva_Spodoptera
00045IMG_00045_BURST20191001102238.jpg,1550.753247,1095.064935,1925.194805,1829.818182,Larva_Spodoptera
00045IMG_00045_BURST20191001102457.jpg,1345.87013,872.5194805,1978.181818,1628.467532,Larva_Spodoptera
00045IMG_00045_BURST20191001102630.jpg,1186.909091,992.6233766,1737.974026,1826.285714,Larva_Spodoptera
00045IMG_00045_BURST20191001102824.jpg,893.7142857,784.2077922,1268.155844,1564.883117,Larva_Spodoptera
00046IMG_00046_BURST20191001101323.jpg,1370.597403,678.2337662,1790.961039,1469.506494,Larva_Spodoptera
00046IMG_00046_BURST20191001101549.jpg,1303.480519,1321.142857,1826.285714,2098.285714,Larva_Spodoptera
00046IMG_00046_BURST20191001102055.jpg,1713.246753,1073.87013,2264.311688,1879.272727,Larva_Spodoptera
00046IMG_00046_BURST20191001102238.jpg,1169.246753,727.6883117,1607.272727,1748.571429,Larva_Spodoptera
00046IMG_00046_BURST20191001102457.jpg,1257.558442,883.1168831,1942.857143,1699.116883,Larva_Spodoptera
00046IMG_00046_BURST20191001102630.jpg,1102.12987,929.038961,1663.792208,1762.701299,Larva_Spodoptera
00046IMG_00046_BURST20191001102824.jpg,847.7922078,819.5324675,1317.61039,1529.558442,Larva_Spodoptera
00047IMG_00047_BURST20191001101323.jpg,1246.961039,812.4675325,1674.38961,1589.61039,Larva_Spodoptera
00047IMG_00047_BURST20191001101549.jpg,1374.12987,1119.792208,1812.155844,1964.051948,Larva_Spodoptera
00047IMG_00047_BURST20191001102055.jpg,1805.090909,1133.922078,2246.649351,1942.857143,Larva_Spodoptera
00047IMG_00047_BURST20191001102238.jpg,1384.727273,830.1298701,1766.233766,1734.441558,Larva_Spodoptera
00047IMG_00047_BURST20191001102457.jpg,1448.311688,741.8181818,2009.974026,1667.324675,Larva_Spodoptera
00047IMG_00047_BURST20191001102630.jpg,1218.701299,1035.012987,1737.974026,1932.25974,Larva_Spodoptera
00047IMG_00047_BURST20191001102824.jpg,890.1818182,897.2467532,1271.688312,1639.064935,Larva_Spodoptera
00048IMG_00048_BURST20191001100859.jpg,1420.051948,1035.012987,1851.012987,1667.324675,Larva_Spodoptera
00048IMG_00048_BURST20191001101323.jpg,1360,808.9350649,1783.896104,1586.077922,Larva_Spodoptera
00048IMG_00048_BURST20191001101549.jpg,1384.727273,1420.051948,1921.662338,2105.350649,Larva_Spodoptera
00048IMG_00048_BURST20191001102055.jpg,1911.064935,1112.727273,2246.649351,1914.597403,Larva_Spodoptera
00048IMG_00048_BURST20191001102238.jpg,1321.142857,759.4805195,1741.506494,1568.415584,Larva_Spodoptera
00048IMG_00048_BURST20191001102457.jpg,1448.311688,752.4155844,1956.987013,1571.948052,Larva_Spodoptera
00048IMG_00048_BURST20191001102630.jpg,1246.961039,1024.415584,1681.454545,1805.090909,Larva_Spodoptera
00048IMG_00048_BURST20191001102824.jpg,819.5324675,911.3766234,1197.506494,1716.779221,Larva_Spodoptera
00049IMG_00049_BURST20191001100859.jpg,1420.051948,985.5584416,1886.337662,1677.922078,Larva_Spodoptera
00049IMG_00049_BURST20191001101323.jpg,1402.38961,794.8051948,1759.168831,1561.350649,Larva_Spodoptera
00049IMG_00049_BURST20191001101549.jpg,1529.558442,1236.363636,1882.805195,1992.311688,Larva_Spodoptera
00049IMG_00049_BURST20191001102055.jpg,2006.441558,1066.805195,2416.207792,1875.74026,Larva_Spodoptera
00049IMG_00049_BURST20191001102238.jpg,1402.38961,773.6103896,1730.909091,1646.12987,Larva_Spodoptera
00049IMG_00049_BURST20191001102457.jpg,1423.584416,805.4025974,1999.376623,1586.077922,Larva_Spodoptera
00049IMG_00049_BURST20191001102630.jpg,1261.090909,1063.272727,1635.532468,1805.090909,Larva_Spodoptera
00049IMG_00049_BURST20191001102824.jpg,918.4415584,971.4285714,1331.74026,1748.571429,Larva_Spodoptera
00050IMG_00050_BURST20191001101323.jpg,1473.038961,798.3376623,1808.623377,1596.675325,Larva_Spodoptera
00050IMG_00050_BURST20191001101549.jpg,1504.831169,1229.298701,1896.935065,1960.519481,Larva_Spodoptera
00050IMG_00050_BURST20191001102055.jpg,1639.064935,1186.909091,2055.896104,1988.779221,Larva_Spodoptera
00050IMG_00050_BURST20191001102238.jpg,1268.155844,812.4675325,1766.233766,1695.584416,Larva_Spodoptera
00050IMG_00050_BURST20191001102457.jpg,1388.25974,907.8441558,1858.077922,1642.597403,Larva_Spodoptera
00050IMG_00050_BURST20191001102630.jpg,1299.948052,1077.402597,1674.38961,1836.883117,Larva_Spodoptera
00050IMG_00050_BURST20191001102824.jpg,1148.051948,1165.714286,1607.272727,1886.337662,Larva_Spodoptera
00051IMG_00051_BURST20191001100859.jpg,1430.649351,936.1038961,1893.402597,1639.064935,Larva_Spodoptera
00051IMG_00051_BURST20191001101019.jpg,1561.350649,1335.272727,2045.298701,2066.493506,Larva_Spodoptera
00051IMG_00051_BURST20191001101323.jpg,1497.766234,798.3376623,1886.337662,1586.077922,Larva_Spodoptera
00051IMG_00051_BURST20191001101549.jpg,1607.272727,1310.545455,1967.584416,2027.636364,Larva_Spodoptera
00051IMG_00051_BURST20191001102055.jpg,1476.571429,1197.506494,2087.688312,2045.298701,Larva_Spodoptera
00051IMG_00051_BURST20191001102238.jpg,1451.844156,621.7142857,1879.272727,1533.090909,Larva_Spodoptera
00051IMG_00051_BURST20191001102457.jpg,1384.727273,946.7012987,2045.298701,1681.454545,Larva_Spodoptera
00051IMG_00051_BURST20191001102630.jpg,1289.350649,1080.935065,1776.831169,1840.415584,Larva_Spodoptera
00051IMG_00051_BURST20191001102824.jpg,1352.935065,1077.402597,1819.220779,1858.077922,Larva_Spodoptera
00052IMG_00052_BURST20191001100859.jpg,1465.974026,1035.012987,1861.61039,1688.519481,Larva_Spodoptera
00052IMG_00052_BURST20191001101323.jpg,1522.493506,1031.480519,1893.402597,1681.454545,Larva_Spodoptera
00052IMG_00052_BURST20191001101549.jpg,1727.376623,1257.558442,2101.818182,1999.376623,Larva_Spodoptera
00052IMG_00052_BURST20191001102055.jpg,1646.12987,1102.12987,2038.233766,2002.909091,Larva_Spodoptera
00052IMG_00052_BURST20191001102238.jpg,1543.688312,830.1298701,1921.662338,1621.402597,Larva_Spodoptera
00052IMG_00052_BURST20191001102457.jpg,1391.792208,593.4545455,1942.857143,1515.428571,Larva_Spodoptera
00052IMG_00052_BURST20191001102630.jpg,1246.961039,1126.857143,1755.636364,1780.363636,Larva_Spodoptera
00052IMG_00052_BURST20191001102824.jpg,1370.597403,950.2337662,1730.909091,1752.103896,Larva_Spodoptera
00053IMG_00053_BURST20191001101323.jpg,1589.61039,978.4935065,1854.545455,1596.675325,Larva_Spodoptera
00053IMG_00053_BURST20191001101549.jpg,1734.441558,1215.168831,2176,1981.714286,Larva_Spodoptera
00053IMG_00053_BURST20191001102055.jpg,1646.12987,1052.675325,2059.428571,1822.753247,Larva_Spodoptera
00053IMG_00053_BURST20191001102238.jpg,1603.74026,854.8571429,1935.792208,1596.675325,Larva_Spodoptera
00053IMG_00053_BURST20191001102457.jpg,1363.532468,621.7142857,1840.415584,1568.415584,Larva_Spodoptera
00053IMG_00053_BURST20191001102630.jpg,1345.87013,1088,1762.701299,1787.428571,Larva_Spodoptera
00053IMG_00053_BURST20191001102824.jpg,1140.987013,1003.220779,1536.623377,1720.311688,Larva_Spodoptera
00054IMG_00054_BURST20191001100859.jpg,1444.779221,1073.87013,1843.948052,1674.38961,Larva_Spodoptera
00054IMG_00054_BURST20191001101323.jpg,1515.428571,1056.207792,1896.935065,1670.857143,Larva_Spodoptera
00054IMG_00054_BURST20191001101549.jpg,1737.974026,1349.402597,2158.337662,2034.701299,Larva_Spodoptera
00054IMG_00054_BURST20191001102055.jpg,1695.584416,1215.168831,2119.480519,1935.792208,Larva_Spodoptera
00054IMG_00054_BURST20191001102238.jpg,1670.857143,861.9220779,1992.311688,1642.597403,Larva_Spodoptera
00054IMG_00054_BURST20191001102457.jpg,1271.688312,508.6753247,1776.831169,1536.623377,Larva_Spodoptera
00054IMG_00054_BURST20191001102630.jpg,1360,1119.792208,1808.623377,1868.675325,Larva_Spodoptera
00054IMG_00054_BURST20191001102824.jpg,1268.155844,865.4545455,1635.532468,1660.25974,Larva_Spodoptera
00055IMG_00055_BURST20191001101323.jpg,1571.948052,1073.87013,1949.922078,1692.051948,Larva_Spodoptera
00055IMG_00055_BURST20191001101549.jpg,1723.844156,1289.350649,2151.272727,2006.441558,Larva_Spodoptera
00055IMG_00055_BURST20191001102055.jpg,1745.038961,1264.623377,2126.545455,1900.467532,Larva_Spodoptera
00055IMG_00055_BURST20191001102238.jpg,1476.571429,918.4415584,1928.727273,1762.701299,Larva_Spodoptera
00055IMG_00055_BURST20191001102457.jpg,1215.168831,621.7142857,1773.298701,1603.74026,Larva_Spodoptera
00055IMG_00055_BURST20191001102630.jpg,1352.935065,1003.220779,1847.480519,1946.38961,Larva_Spodoptera
00055IMG_00055_BURST20191001102824.jpg,1285.818182,1003.220779,1660.25974,1783.896104,Larva_Spodoptera
00056IMG_00056_BURST20191001101323.jpg,1589.61039,1063.272727,1932.25974,1723.844156,Larva_Spodoptera
00056IMG_00056_BURST20191001101549.jpg,1734.441558,1292.883117,2144.207792,2013.506494,Larva_Spodoptera
00056IMG_00056_BURST20191001102055.jpg,1600.207792,1045.61039,1995.844156,1783.896104,Larva_Spodoptera
00056IMG_00056_BURST20191001102238.jpg,1494.233766,985.5584416,1826.285714,1692.051948,Larva_Spodoptera
00056IMG_00056_BURST20191001102457.jpg,1133.922078,738.2857143,1692.051948,1667.324675,Larva_Spodoptera
00056IMG_00056_BURST20191001102630.jpg,1360,1059.74026,1939.324675,1755.636364,Larva_Spodoptera
00056IMG_00056_BURST20191001102824.jpg,1314.077922,837.1948052,1603.74026,1564.883117,Larva_Spodoptera
00085IMG_00085_BURST20191001101323.jpg,1649.662338,872.5194805,2059.428571,1670.857143,Larva_Spodoptera
00085IMG_00085_BURST20191001101549.jpg,1571.948052,1483.636364,1896.935065,2101.818182,Larva_Spodoptera
00085IMG_00085_BURST20191001102055.jpg,1579.012987,833.6623377,1928.727273,1547.220779,Larva_Spodoptera
00085IMG_00085_BURST20191001102238.jpg,1165.714286,858.3896104,1571.948052,1646.12987,Larva_Spodoptera
00001IMG_00001_BURST20191001101149.jpg,1426.386553,1703.918672,1894.779661,2424.949153,Larva_Spodoptera
00001IMG_00001_BURST20191001101323.jpg,1304.677966,866.7118644,1710.372881,1700.230593,Larva_Spodoptera
00001IMG_00001_BURST20191001101549.jpg,1492.772825,1239.213644,1961.166214,1976.840622,Larva_Spodoptera
00001IMG_00001_BURST20191001102055.jpg,1437.450791,1121.193277,1916.908418,1903.078051,Larva_Spodoptera
00001IMG_00001_BURST20191001102238.jpg,1393.193277,1183.89161,1935.349096,1888.325452,Larva_Spodoptera
00001IMG_00001_BURST20191001102457.jpg,1216.162656,1423.620423,1868.962824,2080.108531,Larva_Spodoptera
00001IMG_00001_BURST20191001102630.jpg,1267.79661,1242.901723,2145.572994,2164.935762,Larva_Spodoptera
00001IMG_00001_BURST20191001102824.jpg,972.7457627,1102.752599,1481.708587,1777.681384,Larva_Spodoptera
00002IMG_00002_BURST20191001101149.jpg,1360,1585.898305,1920.596779,2456.298249,Larva_Spodoptera
00002IMG_00002_BURST20191001101323.jpg,1267.79661,770.8203953,1747.254237,1678.101695,Larva_Spodoptera
00002IMG_00002_BURST20191001101549.jpg,1540.7187,1242.901723,1894.779661,1958.399944,Larva_Spodoptera
00002IMG_00002_BURST20191001102055.jpg,1437.450791,1139.633955,1861.586384,1844.067797,Larva_Spodoptera
00002IMG_00002_BURST20191001102238.jpg,1419.010113,1242.901723,1868.962824,1869.884774,Larva_Spodoptera
00002IMG_00002_BURST20191001102457.jpg,1297.301807,1434.684802,1839.457627,2080.108531,Larva_Spodoptera
00002IMG_00002_BURST20191001102630.jpg,1459.57983,1467.877938,2256.217062,2227.633955,Larva_Spodoptera
00002IMG_00002_BURST20191001102824.jpg,862.1016949,1095.376299,1367.37644,1781.369463,Larva_Spodoptera
00003IMG_00003_BURST20191001101149.jpg,1308.366045,1578.522006,1843.145706,2371.471299,Larva_Spodoptera
00003IMG_00003_BURST20191001101323.jpg,1234.603334,689.6813841,1684.556045,1644.908559,Larva_Spodoptera
00003IMG_00003_BURST20191001101549.jpg,1555.471299,1276.095,1916.908418,1998.96966,Larva_Spodoptera
00003IMG_00003_BURST20191001102055.jpg,1444.827231,1176.515311,1876.338983,1877.261073,Larva_Spodoptera
00003IMG_00003_BURST20191001102238.jpg,1459.57983,1194.955988,1880.027062,1833.003418,Larva_Spodoptera
00003IMG_00003_BURST20191001102457.jpg,1286.237288,1490.006836,1784.135593,2054.291694,Larva_Spodoptera
00003IMG_00003_BURST20191001102630.jpg,1123.959266,1423.620423,1750.942317,2227.633955,Larva_Spodoptera
00003IMG_00003_BURST20191001102824.jpg,939.5524861,1113.816977,1334.183163,1740.800028,Larva_Spodoptera
00004IMG_00004_BURST20191001101019.jpg,1098.142429,1471.566158,1610.793333,2109.613728,Larva_Spodoptera
00004IMG_00004_BURST20191001101149.jpg,1249.355932,1574.833926,1809.952711,2319.837344,Larva_Spodoptera
00004IMG_00004_BURST20191001101323.jpg,1245.667853,663.8644068,1721.437401,1655.972938,Larva_Spodoptera
00004IMG_00004_BURST20191001101549.jpg,1566.535537,1224.461045,1876.338983,1969.464463,Larva_Spodoptera
00004IMG_00004_BURST20191001102055.jpg,1511.213503,1176.515311,1832.081468,1818.250819,Larva_Spodoptera
00004IMG_00004_BURST20191001102238.jpg,1655.050847,1224.461045,1953.789774,1943.647626,Larva_Spodoptera
00004IMG_00004_BURST20191001102457.jpg,1241.979774,1552.705169,1736.189999,2091.17305,Larva_Spodoptera
00004IMG_00004_BURST20191001102630.jpg,1175.59322,1611.715282,1846.834067,2294.020508,Larva_Spodoptera
00004IMG_00004_BURST20191001102824.jpg,1039.132316,1158.074633,1393.193277,1740.800028,Larva_Spodoptera
00005IMG_00005_BURST20191001101149.jpg,1160.840622,1519.511893,1728.813559,2294.020508,Larva_Spodoptera
00005IMG_00005_BURST20191001101323.jpg,1404.257796,682.3050847,1691.932203,1563.769548,Larva_Spodoptera
00005IMG_00005_BURST20191001101549.jpg,1537.030621,1224.461045,1898.46774,1943.647626,Larva_Spodoptera
00005IMG_00005_BURST20191001102055.jpg,1529.654181,1261.342401,1791.512033,1829.315339,Larva_Spodoptera
00005IMG_00005_BURST20191001102238.jpg,1632.92209,1257.654322,1905.84418,1825.627119,Larva_Spodoptera
00005IMG_00005_BURST20191001102457.jpg,1194.033898,1508.447514,1739.878079,2080.108531,Larva_Spodoptera
00005IMG_00005_BURST20191001102630.jpg,1581.288136,1478.942457,2311.539096,2294.020508,Larva_Spodoptera
00005IMG_00005_BURST20191001102824.jpg,1002.25096,1220.772966,1337.871243,1785.057683,Larva_Spodoptera
00006IMG_00006_BURST20191001101149.jpg,1164.528982,1478.942457,1787.823673,2257.139152,Larva_Spodoptera
00006IMG_00006_BURST20191001101323.jpg,1267.79661,697.057613,1924.284858,1541.64065,Larva_Spodoptera
00006IMG_00006_BURST20191001101549.jpg,1348.935762,1121.193277,1802.576271,1803.498361,Larva_Spodoptera
00006IMG_00006_BURST20191001102055.jpg,1433.762712,1206.020367,1839.457627,1855.132175,Larva_Spodoptera
00006IMG_00006_BURST20191001102238.jpg,1371.064519,1268.7187,1876.338983,1877.261073,Larva_Spodoptera
00006IMG_00006_BURST20191001102457.jpg,1197.721978,1552.705169,1773.071355,2102.237288,Larva_Spodoptera
00006IMG_00006_BURST20191001102630.jpg,1448.515311,1748.176327,2448,2552.189999,Larva_Spodoptera
00006IMG_00006_BURST20191001102824.jpg,880.5423729,1198.644068,1389.505197,1748.176327,Larva_Spodoptera
00007IMG_00007_BURST20191001101149.jpg,939.5524861,1478.942457,1916.908418,2179.688079,Larva_Spodoptera
00007IMG_00007_BURST20191001101323.jpg,1230.915254,660.1762571,1916.908418,1515.823813,Larva_Spodoptera
00007IMG_00007_BURST20191001101549.jpg,1475.254237,1117.505057,2127.132316,1836.691497,Larva_Spodoptera
00007IMG_00007_BURST20191001102055.jpg,1367.37644,1287.159378,1986.983051,1847.756017,Larva_Spodoptera
00007IMG_00007_BURST20191001102238.jpg,1400.569435,1250.278022,1961.166214,1807.186441,Larva_Spodoptera
00007IMG_00007_BURST20191001102457.jpg,1157.152542,1567.457627,1795.200113,2091.17305,Larva_Spodoptera
00007IMG_00007_BURST20191001102630.jpg,895.2949715,1242.901723,1839.457627,1962.088304,Larva_Spodoptera
00007IMG_00007_BURST20191001102824.jpg,1057.572994,995.7966102,1566.535537,1630.15596,Larva_Spodoptera
00008IMG_00008_BURST20191001100859.jpg,1190.345819,1781.369463,1769.382995,2290.332147,Larva_Spodoptera
00008IMG_00008_BURST20191001101149.jpg,1017.003559,1442.983051,1821.016949,2179.688079,Larva_Spodoptera
00008IMG_00008_BURST20191001101323.jpg,1223.539096,654.6440678,1843.145706,1526.888192,Larva_Spodoptera
00008IMG_00008_BURST20191001101549.jpg,1478.020508,1062.183023,2079.186441,1810.874661,Larva_Spodoptera
00008IMG_00008_BURST20191001102055.jpg,1470.644068,1320.352514,1924.284858,1877.261073,Larva_Spodoptera
00008IMG_00008_BURST20191001102238.jpg,1455.891469,1246.589802,1953.789774,1821.939039,Larva_Spodoptera
00008IMG_00008_BURST20191001102457.jpg,1179.2813,1578.522006,1758.318757,2109.613728,Larva_Spodoptera
00008IMG_00008_BURST20191001102630.jpg,917.4237288,1249.355932,1857.898305,2098.549209,Larva_Spodoptera
00008IMG_00008_BURST20191001102824.jpg,1061.261073,1028.989887,1577.600056,1633.84404,Larva_Spodoptera
00009IMG_00009_BURST20191001101149.jpg,1020.691638,1397.803446,1795.200113,2139.118644,Larva_Spodoptera
00009IMG_00009_BURST20191001101323.jpg,1168.217062,601.1661439,1880.027062,1523.199972,Larva_Spodoptera
00009IMG_00009_BURST20191001101549.jpg,1448.515311,1010.549209,2057.057683,1785.057683,Larva_Spodoptera
00009IMG_00009_BURST20191001102055.jpg,1466.955988,1287.159378,2042.305085,1877.261073,Larva_Spodoptera
00009IMG_00009_BURST20191001102238.jpg,1400.569435,1257.654322,1968.542373,1810.874661,Larva_Spodoptera
00009IMG_00009_BURST20191001102457.jpg,1120.271186,1556.393248,1721.437401,2050.603334,Larva_Spodoptera
00009IMG_00009_BURST20191001102630.jpg,810.4677403,1102.752599,1688.244124,1976.840622,Larva_Spodoptera
00009IMG_00009_BURST20191001102824.jpg,1024.379717,1040.054265,1562.847458,1626.467881,Larva_Spodoptera
00010IMG_00010_BURST20191001101149.jpg,1142.399944,1383.050847,1850.522146,2146.495084,Larva_Spodoptera
00010IMG_00010_BURST20191001101323.jpg,1105.518588,645.4237288,1817.32887,1512.135593,Larva_Spodoptera
00010IMG_00010_BURST20191001101549.jpg,1474.332147,1147.010254,2108.691638,1836.691497,Larva_Spodoptera
00010IMG_00010_BURST20191001102055.jpg,1415.322034,1335.105113,2027.552486,1884.637373,Larva_Spodoptera
00010IMG_00010_BURST20191001102238.jpg,1378.440678,1231.837344,1950.101695,1785.057683,Larva_Spodoptera
00010IMG_00010_BURST20191001102457.jpg,1094.45435,1501.071215,1821.016949,2017.410338,Larva_Spodoptera
00010IMG_00010_BURST20191001102630.jpg,1194.033898,1005.016949,1953.789774,1773.993305,Larva_Spodoptera
00010IMG_00010_BURST20191001102824.jpg,983.810282,1058.494943,1544.40678,1648.596638,Larva_Spodoptera
00011IMG_00011_BURST20191001101323.jpg,1046.508475,634.3593502,1916.908418,1490.006836,Larva_Spodoptera
00011IMG_00011_BURST20191001101549.jpg,1474.332147,1203.254237,2182.45435,1836.691497,Larva_Spodoptera
00011IMG_00011_BURST20191001102055.jpg,1489.084746,1309.288136,1939.037457,1869.884774,Larva_Spodoptera
00011IMG_00011_BURST20191001102238.jpg,1396.881356,1106.440678,1998.04757,1733.423729,Larva_Spodoptera
00011IMG_00011_BURST20191001102457.jpg,1098.142429,1534.264491,1754.630677,1976.840622,Larva_Spodoptera
00011IMG_00011_BURST20191001102630.jpg,1042.820395,1073.247542,1880.027062,1840.379717,Larva_Spodoptera
00011IMG_00011_BURST20191001102824.jpg,1083.389831,1028.989887,1529.654181,1700.230593,Larva_Spodoptera
00012IMG_00012_BURST20191001101149.jpg,1208.786497,1298.223757,1765.694915,1969.464463,Larva_Spodoptera
00012IMG_00012_BURST20191001101323.jpg,1264.108531,767.1321753,1846.834067,1589.586525,Larva_Spodoptera
00012IMG_00012_BURST20191001101549.jpg,1522.278022,1272.40678,2053.369604,1995.2813,Larva_Spodoptera
00012IMG_00012_BURST20191001102055.jpg,1555.471299,1335.105113,1894.779661,1936.271186,Larva_Spodoptera
00012IMG_00012_BURST20191001102238.jpg,1489.084746,1121.193277,1913.220339,1785.057683,Larva_Spodoptera
00012IMG_00012_BURST20191001102457.jpg,969.0576834,1464.189859,1732.501639,2050.603334,Larva_Spodoptera
00012IMG_00012_BURST20191001102630.jpg,1112.895028,1121.193277,1920.596779,1932.583107,Larva_Spodoptera
00012IMG_00012_BURST20191001102824.jpg,1064.949153,988.4203108,1537.030621,1700.230593,Larva_Spodoptera
00013IMG_00013_BURST20191001101323.jpg,1389.505197,840.8948871,1946.413616,1700.230593,Larva_Spodoptera
00013IMG_00013_BURST20191001101549.jpg,1455.891469,1161.762712,1880.027062,1921.518728,Larva_Spodoptera
00013IMG_00013_BURST20191001102055.jpg,1555.471299,1298.223757,1920.596779,1921.518728,Larva_Spodoptera
00013IMG_00013_BURST20191001102238.jpg,1441.139152,1128.569576,1905.84418,1810.874661,Larva_Spodoptera
00013IMG_00013_BURST20191001102457.jpg,1076.013672,1466.033898,1843.145706,2080.108531,Larva_Spodoptera
00013IMG_00013_BURST20191001102630.jpg,1083.389831,1028.989887,1821.016949,1766.617005,Larva_Spodoptera
00013IMG_00013_BURST20191001102824.jpg,1057.572994,1006.860989,1573.911977,1692.854294,Larva_Spodoptera
00014IMG_00014_BURST20191001101323.jpg,1382.128757,844.5831071,1894.779661,1689.166074,Larva_Spodoptera
00014IMG_00014_BURST20191001101549.jpg,1489.084746,1132.257655,1994.359491,1906.76613,Larva_Spodoptera
00014IMG_00014_BURST20191001102055.jpg,1444.827231,1276.095,1905.84418,1947.335706,Larva_Spodoptera
00014IMG_00014_BURST20191001102238.jpg,1400.569435,973.6678529,1887.403502,1674.413616,Larva_Spodoptera
00014IMG_00014_BURST20191001102457.jpg,1087.07791,1460.501779,1762.006836,2032.162656,Larva_Spodoptera
00014IMG_00014_BURST20191001102630.jpg,1249.355932,1194.955988,1865.274745,1840.379717,Larva_Spodoptera
00014IMG_00014_BURST20191001102824.jpg,1039.132316,1036.366186,1518.589943,1648.596638,Larva_Spodoptera
00015IMG_00015_BURST20191001101149.jpg,1190.345819,1169.139011,1769.382995,1932.583107,Larva_Spodoptera
00015IMG_00015_BURST20191001101323.jpg,1455.891469,815.0780505,1876.338983,1604.338983,Larva_Spodoptera
00015IMG_00015_BURST20191001101549.jpg,1430.074633,1065.871243,2127.132316,1796.122062,Larva_Spodoptera
00015IMG_00015_BURST20191001102055.jpg,1356.311921,1088,1868.962824,2010.033898,Larva_Spodoptera
00015IMG_00015_BURST20191001102238.jpg,1525.966102,1084.311921,1979.606892,1785.057683,Larva_Spodoptera
00015IMG_00015_BURST20191001102457.jpg,1422.698474,1327.728814,1957.478135,2043.227175,Larva_Spodoptera
00015IMG_00015_BURST20191001102630.jpg,1131.335706,1187.579689,1839.457627,1851.444096,Larva_Spodoptera
00015IMG_00015_BURST20191001102824.jpg,1123.959266,1014.237288,1540.7187,1700.230593,Larva_Spodoptera
00016IMG_00016_BURST20191001100859.jpg,1157.152542,1427.308503,1647.674689,2028.474576,Larva_Spodoptera
00016IMG_00016_BURST20191001101323.jpg,1264.108531,748.6915676,1975.918813,1545.32887,Larva_Spodoptera
00016IMG_00016_BURST20191001101549.jpg,1323.118644,910.9695197,1739.878079,1729.735649,Larva_Spodoptera
00016IMG_00016_BURST20191001102055.jpg,1470.644068,1206.020367,1916.908418,1928.894887,Larva_Spodoptera
00016IMG_00016_BURST20191001102238.jpg,1507.525424,1028.989887,1972.230452,1718.671271,Larva_Spodoptera
00016IMG_00016_BURST20191001102457.jpg,1363.688079,1324.040734,1909.53226,2102.237288,Larva_Spodoptera
00016IMG_00016_BURST20191001102630.jpg,1135.023785,1054.806864,2064.433842,1939.959266,Larva_Spodoptera
00016IMG_00016_BURST20191001102824.jpg,1046.508475,1036.366186,1658.738927,1711.294972,Larva_Spodoptera
00017IMG_00017_BURST20191001101323.jpg,1426.386553,759.7560166,2082.87452,1471.566158,Larva_Spodoptera
00017IMG_00017_BURST20191001101549.jpg,1367.37644,1143.322034,1779.525424,1885.559322,Larva_Spodoptera
00017IMG_00017_BURST20191001102055.jpg,1367.37644,1294.535678,1846.834067,1962.088304,Larva_Spodoptera
00017IMG_00017_BURST20191001102238.jpg,1437.450791,1025.301667,1964.854294,1664.271186,Larva_Spodoptera
00017IMG_00017_BURST20191001102457.jpg,1278.86113,1335.105113,1839.457627,1980.528982,Larva_Spodoptera
00017IMG_00017_BURST20191001102630.jpg,1120.271186,1176.515311,1861.586384,1785.057683,Larva_Spodoptera
00017IMG_00017_BURST20191001102824.jpg,1101.830508,1092.610169,1544.40678,1700.230593,Larva_Spodoptera
00018IMG_00018_BURST20191001100859.jpg,1175.59322,1316.664435,1695.620283,1965.776384,Larva_Spodoptera
00018IMG_00018_BURST20191001101323.jpg,1455.891469,733.938969,2034.928926,1567.457627,Larva_Spodoptera
00018IMG_00018_BURST20191001101549.jpg,1518.589943,951.5389549,2164.013672,1829.315339,Larva_Spodoptera
00018IMG_00018_BURST20191001102055.jpg,1489.084746,1287.159378,1850.522146,2006.345819,Larva_Spodoptera
00018IMG_00018_BURST20191001102238.jpg,1452.20339,1117.505057,1946.413616,1840.379717,Larva_Spodoptera
00018IMG_00018_BURST20191001102457.jpg,1135.023785,1261.342401,1839.457627,1903.078051,Larva_Spodoptera
00018IMG_00018_BURST20191001102630.jpg,1286.237288,1150.698333,1916.908418,1773.993305,Larva_Spodoptera
00018IMG_00018_BURST20191001102824.jpg,1116.583107,1040.054265,1629.234011,1685.477994,Larva_Spodoptera
00019IMG_00019_BURST20191001101323.jpg,1489.084746,745.003418,2009.111808,1501.071215,Larva_Spodoptera
00019IMG_00019_BURST20191001101549.jpg,1426.386553,958.9152542,1924.284858,1866.196695,Larva_Spodoptera
00019IMG_00019_BURST20191001102055.jpg,1433.762712,1272.40678,1824.705028,1987.905141,Larva_Spodoptera
00019IMG_00019_BURST20191001102238.jpg,1544.40678,1429.152542,1979.606892,2105.925367,Larva_Spodoptera
00019IMG_00019_BURST20191001102457.jpg,1179.2813,1283.471158,1773.071355,1913.220339,Larva_Spodoptera
00019IMG_00019_BURST20191001102630.jpg,1363.688079,1139.633955,1979.606892,1814.56274,Larva_Spodoptera
00019IMG_00019_BURST20191001102824.jpg,1116.583107,1102.752599,1529.654181,1692.854294,Larva_Spodoptera
00020IMG_00020_BURST20191001101323.jpg,1573.911977,671.2407061,2012.800169,1456.813559,Larva_Spodoptera
00020IMG_00020_BURST20191001101549.jpg,1146.088304,1143.322034,1588.664576,1847.756017,Larva_Spodoptera
00020IMG_00020_BURST20191001102055.jpg,1522.278022,1360,1931.661017,2017.410338,Larva_Spodoptera
00020IMG_00020_BURST20191001102238.jpg,1444.827231,1408.867825,1957.478135,2076.420452,Larva_Spodoptera
00020IMG_00020_BURST20191001102457.jpg,1230.915254,1301.911836,1865.274745,1958.399944,Larva_Spodoptera
00020IMG_00020_BURST20191001102630.jpg,1618.169492,944.1627963,2433.247401,1552.705169,Larva_Spodoptera
00020IMG_00020_BURST20191001102824.jpg,1009.627119,1058.494943,1455.891469,1663.349237,Larva_Spodoptera
00021IMG_00021_BURST20191001101323.jpg,1555.471299,685.9932344,2009.111808,1493.694915,Larva_Spodoptera
00021IMG_00021_BURST20191001101549.jpg,1105.518588,1036.366186,1599.728814,1810.874661,Larva_Spodoptera
00021IMG_00021_BURST20191001102055.jpg,1503.837344,1360,1905.84418,2054.291694,Larva_Spodoptera
00021IMG_00021_BURST20191001102238.jpg,1470.644068,1478.942457,1868.962824,2080.108531,Larva_Spodoptera
00021IMG_00021_BURST20191001102457.jpg,1326.806723,1301.911836,1839.457627,1936.271186,Larva_Spodoptera
00021IMG_00021_BURST20191001102630.jpg,1481.708587,1453.12548,1986.983051,1984.217062,Larva_Spodoptera
00021IMG_00021_BURST20191001102824.jpg,1142.399944,1054.806864,1566.535537,1619.091582,Larva_Spodoptera
00022IMG_00022_BURST20191001101323.jpg,1577.600056,652.8000281,2012.800169,1534.264491,Larva_Spodoptera
00022IMG_00022_BURST20191001101549.jpg,1308.366045,995.7966102,1728.813559,1792.433983,Larva_Spodoptera
00022IMG_00022_BURST20191001102055.jpg,1595.118644,1290.847458,1942.725536,1995.2813,Larva_Spodoptera
00022IMG_00022_BURST20191001102238.jpg,1382.128757,1519.511893,1824.705028,2124.366045,Larva_Spodoptera
00022IMG_00022_BURST20191001102457.jpg,1332.338983,1312.976356,1876.338983,1921.518728,Larva_Spodoptera
00022IMG_00022_BURST20191001102630.jpg,1138.711864,1132.257655,1673.491525,1748.176327,Larva_Spodoptera
00022IMG_00022_BURST20191001102824.jpg,1227.227175,969.9796329,1621.857571,1674.413616,Larva_Spodoptera
00023IMG_00023_BURST20191001101323.jpg,1481.708587,523.7152824,1913.220339,1379.362768,Larva_Spodoptera
00023IMG_00023_BURST20191001101549.jpg,1271.484689,947.8508756,1714.060961,1674.413616,Larva_Spodoptera
00023IMG_00023_BURST20191001102055.jpg,1566.535537,1383.050847,1931.661017,2013.721978,Larva_Spodoptera
00023IMG_00023_BURST20191001102238.jpg,1326.806723,1438.372881,1909.53226,2105.925367,Larva_Spodoptera
00023IMG_00023_BURST20191001102457.jpg,1360,1320.352514,1935.349096,1921.518728,Larva_Spodoptera
00023IMG_00023_BURST20191001102630.jpg,1658.738927,1324.040734,2400.054406,2032.162656,Larva_Spodoptera
00023IMG_00023_BURST20191001102824.jpg,1230.915254,851.9594064,1629.234011,1526.888192,Larva_Spodoptera
00024IMG_00024_BURST20191001101323.jpg,1389.505197,590.1016949,1868.962824,1360.92209,Larva_Spodoptera
00024IMG_00024_BURST20191001101549.jpg,1323.118644,1054.806864,1699.308643,1951.023785,Larva_Spodoptera
00024IMG_00024_BURST20191001102055.jpg,1525.966102,1379.362768,1950.101695,2061.667853,Larva_Spodoptera
00024IMG_00024_BURST20191001102238.jpg,1396.881356,1460.501779,2027.552486,2080.108531,Larva_Spodoptera
00024IMG_00024_BURST20191001102457.jpg,1341.559322,1287.159378,1968.542373,1884.637373,Larva_Spodoptera
00024IMG_00024_BURST20191001102630.jpg,1489.084746,1415.322034,2057.057683,2057.979774,Larva_Spodoptera
00024IMG_00024_BURST20191001102824.jpg,1061.261073,829.8305085,1540.7187,1508.447514,Larva_Spodoptera
00025IMG_00025_BURST20191001100859.jpg,1013.315198,1294.535678,1511.213503,1903.078051,Larva_Spodoptera
00025IMG_00025_BURST20191001101323.jpg,1238.291694,719.1864407,1680.867965,1475.254237,Larva_Spodoptera
00025IMG_00025_BURST20191001101549.jpg,1304.677966,1194.955988,1795.200113,2013.721978,Larva_Spodoptera
00025IMG_00025_BURST20191001102055.jpg,1562.847458,1427.308503,1986.983051,2050.603334,Larva_Spodoptera
00025IMG_00025_BURST20191001102238.jpg,1374.752599,1608.027203,1946.413616,2135.430565,Larva_Spodoptera
00025IMG_00025_BURST20191001102457.jpg,1260.420452,1349.857712,1850.522146,1899.389831,Larva_Spodoptera
00025IMG_00025_BURST20191001102630.jpg,1518.589943,1710.372881,1990.67113,2294.020508,Larva_Spodoptera
00025IMG_00025_BURST20191001102824.jpg,1109.206948,885.1525424,1511.213503,1549.016949,Larva_Spodoptera
00026IMG_00026_BURST20191001101323.jpg,1308.366045,700.7457627,1762.006836,1537.952571,Larva_Spodoptera
00026IMG_00026_BURST20191001101549.jpg,1267.79661,1132.257655,1743.566158,1984.217062,Larva_Spodoptera
00026IMG_00026_BURST20191001102055.jpg,1621.857571,1331.417034,2027.552486,2039.539096,Larva_Spodoptera
00026IMG_00026_BURST20191001102238.jpg,1253.044012,1475.254237,1843.145706,2164.935762,Larva_Spodoptera
00026IMG_00026_BURST20191001102457.jpg,1319.430565,1261.342401,1927.972938,1910.454209,Larva_Spodoptera
00026IMG_00026_BURST20191001102630.jpg,1422.698474,1502.915254,1936.271186,2205.505197,Larva_Spodoptera
00026IMG_00026_BURST20191001102824.jpg,1212.474576,792.9491525,1673.491525,1515.823813,Larva_Spodoptera
00027IMG_00027_BURST20191001101323.jpg,1216.162656,711.8102117,1662.427287,1497.383135,Larva_Spodoptera
00027IMG_00027_BURST20191001101549.jpg,1253.966102,1172.827091,1677.179605,1973.152542,Larva_Spodoptera
00027IMG_00027_BURST20191001102055.jpg,1470.644068,1298.223757,1983.294972,2013.721978,Larva_Spodoptera
00027IMG_00027_BURST20191001102238.jpg,1101.830508,1442.061101,1695.620283,2072.732372,Larva_Spodoptera
00027IMG_00027_BURST20191001102457.jpg,1548.094859,1287.159378,2127.132316,1958.399944,Larva_Spodoptera
00027IMG_00027_BURST20191001102630.jpg,1371.064519,1497.383135,1806.264351,2087.484689,Larva_Spodoptera
00027IMG_00027_BURST20191001102824.jpg,1146.088304,1043.742345,1511.213503,1692.854294,Larva_Spodoptera
00028IMG_00028_BURST20191001101323.jpg,1374.752599,726.56274,1765.694915,1482.630537,Larva_Spodoptera
00028IMG_00028_BURST20191001101549.jpg,1201.410338,1062.183023,1706.684802,1877.261073,Larva_Spodoptera
00084IMG_00084_BURST20191001102457.jpg,1057.572994,1113.816977,1743.566158,1884.637373,Larva_Spodoptera
00084IMG_00084_BURST20191001102630.jpg,1186.65774,745.003418,1728.813559,1589.586525,Larva_Spodoptera
00084IMG_00084_BURST20191001102824.jpg,1009.627119,453.6407202,1389.505197,1279.783079,Larva_Spodoptera
